hydroobject_ID,stuw_ID
2084,1
12639,1
39,10
4156,10
585,11
10560,11
2922,12
12373,12
2779,13
11362,13
2564,14
12965,14
12362,15
11744,15
3241,16
12367,16
9723,17
12963,17
2901,18
3074,18
14445,19
12993,19
4772,20
14853,20
5440,21
5445,21
6148,22
12022,22
13855,23
13856,23
5952,24
8019,24
5011,25
7125,25
3110,26
5439,26
5434,27
10368,27
10037,28
10040,28
304,29
5687,29
4750,30
9664,30
5508,31
11908,31
1899,32
12530,32
6277,168
6317,168
954,169
1425,169
9810,170
12687,170
5861,171
11669,171
11251,172
11330,172
3130,173
8834,173
3012,174
13549,174
2837,175
7809,175
2927,176
6737,176
514,177
7204,177
2283,178
5488,178
2837,179
10160,179
4379,180
3685,180
7976,180
11481,181
11488,181
5838,182
5303,182
5918,183
7814,183
4209,184
5272,184
3699,185
9103,185
851,186
11591,186
679,187
7085,187
7789,188
11402,188
417,189
6881,189
6189,125
5984,125
3837,126
6518,126
1361,127
4415,127
5867,128
13009,128
4986,129
10170,129
5923,130
5742,130
5979,131
8104,131
11299,132
11531,132
14571,133
14573,133
119,134
218,134
5665,135
4933,135
1111,136
5395,136
6614,137
5676,137
7219,138
7090,138
592,139
7090,139
591,140
7124,140
6050,141
8335,141
12907,142
12910,142
7083,143
8630,143
4958,144
8072,144
2898,145
11901,145
5135,146
9693,146
8517,146
8518,146
11901,147
12434,147
8872,148
9801,148
434,149
5992,149
410,150
10142,150
4780,151
3646,151
8703,152
8708,152
370,153
7305,153
6235,154
11147,154
5507,155
5684,155
11810,155
6692,156
12738,156
12596,157
12683,157
6967,158
11149,158
7939,159
7483,159
5210,160
8155,160
4752,161
13110,161
2546,162
10267,162
4415,163
10262,163
7270,164
13602,164
611,165
6214,165
11615,166
14242,166
292,167
11164,167
4184,190
5581,190
14574,191
14583,191
5896,192
11617,192
5991,193
6441,193
1028,194
1434,194
6041,195
11520,195
6474,196
8105,196
6313,197
6040,197
4584,198
11183,198
2990,199
4482,199
1595,200
1932,200
5088,201
13483,201
4551,202
4552,202
6104,203
14388,203
5113,204
5211,204
1362,205
9478,205
10210,205
3838,206
3923,206
6824,207
7804,207
6715,208
7721,208
2032,209
3021,209
5576,210
5434,210
3815,211
4124,211
1272,212
3224,212
7949,213
11885,213
14572,214
14624,214
5860,215
12311,215
2027,216
2728,216
4121,217
6756,217
8731,217
9277,217
5667,218
6307,218
689,219
7710,219
9997,220
10687,220
192,221
6884,221
4288,222
6000,222
9689,223
12024,223
3225,224
3222,224
8443,225
8285,225
993,226
5778,226
4847,227
12588,227
5923,228
5862,228
1751,229
13518,229
606,230
6818,230
25,231
5014,231
3197,232
12387,232
14879,232
6163,233
6433,233
1591,234
2922,234
2567,234
185,235
1269,235
2560,236
13966,236
4645,237
9667,237
5992,238
9998,238
64,239
5170,239
7043,240
9261,240
3683,241
3684,241
23,242
6156,242
12450,243
12394,243
12445,244
14814,244
12450,245
14155,245
13124,246
13125,246
12845,247
14495,247
4113,492
6682,492
1167,493
10995,493
14622,494
14636,494
4239,495
7335,495
5350,496
9067,496
2325,497
12057,497
13122,498
13584,498
3015,499
12898,499
1356,500
9206,500
10998,501
10951,501
4187,502
7995,502
7031,503
7032,503
5550,504
5061,504
12844,505
12849,505
12843,506
12844,506
3574,507
4082,507
3136,508
9812,508
9214,509
9215,509
3037,510
2994,510
7217,511
5302,511
1766,512
2207,512
3144,513
3145,513
2448,514
12892,514
9213,515
9214,515
5483,516
5484,516
2204,517
2425,517
2919,518
6830,518
7033,519
5470,519
1323,520
2558,520
6545,520
10835,520
13580,520
3925,521
8529,521
6685,522
11129,522
5883,523
5776,523
14109,524
14725,524
4700,525
10581,525
294,526
7312,526
7584,527
12274,527
13035,528
13036,528
668,529
10689,529
13686,530
13696,530
13699,530
2068,531
12425,531
2025,532
2457,532
2365,533
13292,533
3067,534
6659,534
6180,535
5594,535
1429,536
7984,536
3744,537
6467,537
1827,538
7176,538
12988,538
13126,539
13581,539
12753,540
12968,540
5897,541
7502,541
6235,542
7518,542
5218,543
9878,543
11467,543
3607,544
7523,544
6115,545
12223,545
991,546
14790,546
5055,547
9339,547
5242,548
4908,548
12246,549
13927,550
13935,550
8431,551
8435,551
3532,552
11897,552
10032,553
14613,553
349,554
12890,554
957,555
7107,555
9803,556
12158,556
8695,557
9441,557
116,558
13510,559
13043,559
37,560
13043,560
6753,561
6552,561
8628,562
10559,562
3335,563
5671,563
2456,564
12370,564
14562,565
14567,565
14586,566
14588,566
14580,567
14584,567
3539,568
5964,568
7994,568
5966,569
8642,569
11158,569
8642,570
11444,570
5966,571
8642,571
11158,571
3539,572
5964,572
7994,572
5965,573
11358,573
10978,573
1127,574
1139,574
54,575
5900,576
5971,576
1750,577
2986,577
535,578
3607,578
13909,579
14258,579
3132,580
11884,580
3223,581
12124,581
12566,582
12191,582
5997,583
9299,583
4729,584
9295,584
13943,585
13944,585
5997,586
8294,586
4731,587
9296,587
6956,588
5136,588
13288,589
13969,589
5311,590
7982,590
321,591
1405,591
3749,592
7622,592
5848,593
13266,593
4227,594
5658,594
7126,595
153,596
7403,596
1688,597
2151,597
9108,598
7312,598
12264,599
12265,599
12534,600
12472,600
4211,601
5933,601
6957,602
7672,602
3260,603
5760,603
14106,604
14112,604
1954,605
9577,605
6887,606
14152,606
2477,607
12835,607
3102,608
12879,608
8137,609
11482,609
340,610
7801,610
3106,611
11882,611
14861,612
14869,612
3465,613
5231,613
1904,248
1926,248
14499,249
13037,249
16,250
11432,250
958,251
10175,251
7568,252
7640,252
349,253
350,253
330,254
351,254
534,255
7962,255
230,256
536,256
7004,257
14790,257
191,258
8515,258
14495,259
13038,259
190,260
8808,260
8832,261
9632,261
3938,262
5956,262
11485,263
11930,263
3452,264
4988,264
986,265
5875,265
6099,266
7471,266
12987,267
13696,268
13702,268
2477,269
12350,269
12777,270
12855,270
6688,271
9477,271
11991,272
12340,272
11826,273
12429,273
4297,274
4099,274
7550,275
7587,275
9070,276
10560,276
997,277
5780,277
1873,278
8868,278
3797,279
11601,279
12247,280
14799,280
3023,281
3024,281
5469,282
5472,282
3146,283
3147,283
7897,284
14851,284
14850,285
14851,285
14848,286
14849,286
14847,287
14848,287
1113,288
14356,288
14845,289
14846,289
14843,290
14844,290
14841,291
14842,291
14840,292
14841,292
1113,293
1242,293
11575,294
14359,294
5698,295
7470,295
10031,296
10034,296
1143,297
1458,297
973,298
5479,298
9212,299
14797,299
10158,300
10159,300
2201,301
2203,301
8383,302
9360,302
2230,303
14701,303
6429,304
14701,304
6428,305
13017,305
1068,306
1069,306
5430,307
8005,307
504,308
7075,308
245,309
14863,309
4778,310
3737,310
2085,311
11802,311
13145,312
13146,312
14817,313
14818,313
4694,314
7258,314
12810,315
12920,315
11913,316
11840,316
4,317
6542,317
994,318
5775,318
5717,319
13424,319
3283,320
7576,320
2303,321
7856,321
11773,322
12971,322
4414,323
5866,323
8147,324
12144,324
2150,325
12671,325
14108,326
14114,326
14855,327
5405,328
7915,328
3446,329
7206,329
4175,330
7410,330
5409,331
6493,331
4640,332
9799,332
7535,333
7544,333
8010,334
7410,334
1752,335
9440,335
12756,335
6660,336
5540,336
14515,336
5237,337
14813,337
732,338
11295,338
4475,339
7522,339
2277,340
13518,340
2986,341
14643,341
2472,342
4574,342
5871,343
11786,343
3238,344
14485,344
5110,345
12092,345
10330,346
12035,346
8020,347
10267,347
6517,348
7546,348
12974,349
13340,349
4572,350
9106,350
210,351
5278,351
7224,352
5278,352
4124,353
6975,353
3888,354
5389,354
14615,355
14618,355
2728,356
8874,356
4353,357
5390,357
4852,358
4468,358
5388,359
11137,359
6400,360
6310,360
2890,361
12156,361
601,362
4317,362
7081,363
7341,363
4874,364
7060,364
588,365
4384,365
1649,366
5730,366
12908,367
12909,367
2449,368
12365,368
5570,369
11866,369
6108,370
12754,370
6109,371
6110,371
11067,372
12994,372
6174,373
6963,373
408,374
4348,374
14837,375
14838,375
1687,376
12594,376
14811,377
14812,377
2549,378
8449,378
12033,379
12034,379
11325,380
11851,380
1271,381
1401,381
5672,382
11581,382
4148,383
7077,383
7931,384
7923,384
14574,385
14582,385
14560,386
14561,386
3654,387
11466,387
5553,388
4953,388
1109,389
5887,389
7446,390
12603,390
4692,391
12468,391
4839,392
7614,392
7155,393
11503,393
12807,394
12808,394
5443,395
4901,395
3748,396
12502,396
332,397
5914,397
4671,398
6825,398
4987,399
5895,399
286,400
6575,400
2300,401
2856,401
8129,402
10630,402
631,403
5211,403
6426,404
11460,404
3804,405
12938,405
5379,406
5750,406
323,407
12390,407
5127,408
5868,408
5568,409
11168,409
6528,410
10630,410
12715,411
12717,411
5983,412
5984,412
3022,413
14826,413
1676,414
2273,414
2951,415
13663,415
30,416
7951,416
132,417
14560,417
118,418
14559,418
14206,419
14623,419
5396,420
13233,420
3877,421
3075,421
2862,422
8381,422
4316,423
7089,423
225,424
4926,424
4876,425
11585,425
5458,426
6148,426
5402,427
5429,427
2155,428
11776,428
43,429
4467,429
5581,430
10562,430
2541,431
4679,431
1957,432
2836,432
2923,433
12436,433
14204,434
14205,434
14029,435
13659,435
9007,436
10872,436
118,437
132,437
2389,438
9101,438
2731,439
10556,439
14187,440
14189,440
14581,441
14583,441
5024,442
10628,442
1109,443
1401,443
4724,444
7253,444
6218,445
7542,445
1684,446
1812,446
12402,447
14401,447
3368,448
10174,448
731,449
959,449
5761,450
6072,450
1682,451
8837,451
11150,452
14646,452
297,453
6070,453
6247,454
6743,454
12716,455
12718,455
6915,456
5381,456
3231,457
5209,457
1681,458
13918,458
6305,459
11580,459
6314,460
11668,460
599,461
6815,461
6815,462
7360,462
12853,463
12851,463
6378,464
7556,464
14562,465
14564,465
5491,466
5461,466
7086,467
11483,467
9929,468
9930,468
12469,469
14854,469
11915,470
13820,470
4098,471
9474,471
124,472
5323,472
9612,473
11277,473
5306,474
7820,474
623,475
2857,475
3519,476
3765,476
6280,477
10950,477
5590,478
11388,478
1720,479
2331,479
601,480
5390,480
4932,481
10664,481
2862,482
11975,482
48,483
4115,483
5273,483
11586,483
4562,484
7205,484
5786,485
7813,485
2898,486
2920,486
2896,487
2897,487
502,488
3523,488
2204,489
12363,489
1456,490
8516,490
6096,491
13572,491
2332,2
3230,2
3024,3
3025,3
3025,4
3026,4
2667,5
3026,5
980,6
8472,6
12861,7
12864,7
1322,8
8588,8
1555,9
12831,9
3110,33
3000,33
3001,33
3003,33
3010,33
10161,34
2225,35
13386,35
13137,35
11320,36
13066,36
5124,37
11084,37
5921,38
13128,38
1623,39
1624,39
2278,40
2280,40
13296,41
14327,41
5678,42
7505,42
9368,43
9241,43
12259,44
12140,44
6887,45
11529,45
5830,46
12037,46
6819,47
6056,47
9596,47
3456,48
5560,48
2365,49
2366,49
12,50
301,50
3833,51
5180,51
1078,52
14751,52
19,53
1078,53
5016,54
5020,54
824,55
14308,55
1597,56
12644,56
5869,57
5297,57
6717,58
5869,58
5982,59
6522,59
2138,60
14226,60
6824,61
7547,61
617,62
4937,62
5023,63
12505,63
12451,64
12459,64
235,65
6965,65
1056,66
9473,66
671,67
3265,67
3050,68
6943,68
14564,69
14568,69
12440,70
14345,70
5888,71
5889,71
3661,72
7712,72
9805,73
10405,73
50,74
5394,74
4186,75
7069,75
13770,76
13977,76
13740,77
12882,77
5495,78
11472,78
3530,79
9439,79
6612,80
13246,80
8698,81
8699,81
1053,82
4872,82
8321,83
12593,83
5936,84
10715,84
3258,85
8471,85
10716,86
11394,86
4167,87
11393,87
4167,88
14558,88
2388,89
5564,89
2388,90
5564,90
6081,91
11388,91
3684,92
8132,92
4732,93
5182,93
3275,94
6762,94
9113,95
9116,95
6970,96
8446,96
11455,97
11458,97
5336,98
11459,98
1145,99
1157,99
293,100
8635,100
4356,101
9209,101
11171,102
12942,102
4322,103
5147,103
8801,103
9120,103
74,104
5169,104
6244,105
11072,105
4163,106
7623,106
14463,107
14357,107
14355,108
14343,108
6760,109
12505,109
7630,110
12932,110
2485,111
5435,111
5451,111
13265,111
4486,112
5578,112
5951,113
7819,113
5342,114
6966,114
7793,115
8527,115
2286,116
9121,116
5919,117
9482,117
5025,118
7470,118
6539,119
6540,119
3276,120
6273,120
10173,121
10691,121
7637,122
12202,122
5751,123
8172,123
12461,123
13397,123
7822,124
10995,124
3573,981
10161,981
7194,982
11547,982
11894,983
11373,983
3953,984
6982,984
3512,985
11167,985
1160,986
1161,986
1158,987
6060,987
3881,988
3802,988
7151,989
9442,989
1621,990
8442,990
13766,991
13767,991
12471,992
12601,992
12293,993
12714,993
14082,994
14083,994
4688,995
12005,995
6788,996
7966,996
5070,997
7577,997
7216,998
11525,998
13516,999
13857,999
9666,1000
10561,1000
1930,1001
12296,1001
3831,1002
3834,1002
8140,1003
13575,1003
3856,1004
8868,1004
6,1005
7313,1005
1273,1006
1574,1006
824,1007
6111,1007
6581,1008
11324,1008
6323,1009
6761,1009
6046,1010
11073,1010
3946,1011
7193,1011
3946,1012
7182,1012
12565,1013
12746,1013
8558,1014
9836,1014
5816,1015
5654,1015
6765,1016
11162,1016
11448,1016
4854,1017
11075,1017
10226,1017
150,1018
7903,1018
4773,1019
14233,1019
4379,1020
3685,1020
7976,1020
5999,1021
8799,1021
678,1022
10879,1022
6832,1023
5440,1023
3544,1024
4957,1024
4731,1025
9297,1025
4727,1026
9294,1026
3409,1027
9299,1027
4730,1028
9340,1028
9297,1029
9341,1029
13393,1030
14787,1030
5365,1031
5990,1031
7248,1032
7391,1032
6076,1033
14650,1033
3536,1034
6840,1034
10993,1035
10996,1035
3535,1036
11001,1036
14187,1037
14190,1037
5956,1038
5214,1038
1625,1039
11369,1039
3926,1040
5380,1040
5649,1042
5650,1042
246,1043
4838,1043
13393,1044
13394,1044
8336,1045
7978,1045
7055,1046
8070,1046
7989,1047
7723,1047
3347,1048
7981,1048
813,1049
6251,1049
9205,1050
2160,1051
8254,1051
13272,1051
13287,1051
501,1052
638,1052
6505,1053
14313,1053
5377,1054
11140,1054
7261,1055
7262,1055
4573,1056
5252,1056
600,1057
4055,1057
14622,1058
14624,1058
207,1059
7827,1059
14628,1060
14636,1060
637,1061
8113,1061
3023,1062
12644,1062
3597,1063
8557,1063
10990,1063
10991,1064
10992,1064
3600,1065
3602,1065
5368,1065
3600,1066
3602,1066
5368,1066
3601,1067
3602,1067
3687,1067
3601,1068
3602,1068
3687,1068
2702,1069
12641,1069
8552,1070
8553,1070
2305,1071
5030,1071
3247,1072
3248,1072
3164,1073
6877,1073
4250,1074
11588,1074
4738,1075
10616,1075
5127,1076
7804,1076
5126,1077
12093,1077
2855,1078
12091,1078
5978,1079
12321,1079
182,1080
187,1080
8771,1081
12371,1081
528,1082
3700,1082
1453,1083
2306,1083
4690,1084
12540,1084
529,1085
5978,1085
4249,1086
5638,1086
2179,1087
2950,1087
11478,1088
11488,1088
13852,1089
13853,1089
411,1090
5459,1090
5917,1091
6003,1091
12369,1092
12894,1092
878,1093
14162,1093
13634,1094
13662,1094
4940,1095
11906,1095
2061,1096
12363,1096
14188,1097
14191,1097
5188,1098
10719,1098
688,1099
4221,1100
5184,1100
150,1101
7325,1101
1866,1102
12540,1102
3204,614
8633,614
2101,615
12134,615
1275,616
11314,616
3315,617
3327,617
794,618
795,618
3206,619
9442,619
8573,620
8574,620
4515,621
9135,621
6644,622
8229,622
3457,623
5975,623
4516,624
6644,624
6065,625
12519,625
5767,626
7738,626
12759,627
14087,627
12538,628
10176,628
9933,629
11233,629
1072,630
12775,630
690,631
7473,631
5482,632
5483,632
10156,633
10158,633
13960,634
13961,634
13732,635
14354,635
3328,636
6430,636
2786,637
7898,637
2066,638
9119,638
13961,639
13963,639
4513,640
6716,640
4633,641
4635,641
3785,642
5197,642
1242,643
14354,643
1356,644
14794,644
1114,645
5891,645
14353,646
13044,646
2270,647
2271,647
972,648
5471,648
4631,649
4634,649
1692,650
2064,650
10677,651
3961,652
6452,652
9607,652
5554,653
8227,653
860,654
10678,654
4636,655
9240,655
3251,656
9503,656
5247,657
10842,657
1129,658
8284,658
12564,659
12410,659
693,660
3267,660
4356,661
4877,661
3034,662
2453,662
8131,663
7625,663
4344,664
6141,664
5216,665
5217,665
962,666
3470,666
667,667
3648,667
1712,668
12154,668
6272,669
6465,669
5805,670
14028,670
3871,671
4076,671
2421,672
12798,672
4290,673
6678,673
5410,674
11907,674
405,675
4236,675
3717,676
6023,676
474,677
4002,677
6142,678
7102,678
4972,679
7920,679
3730,680
5232,680
375,681
5046,681
6707,682
7302,682
4978,683
6343,683
3322,684
5344,684
1984,685
12800,685
4888,686
13426,686
1865,687
10551,687
5103,688
13704,688
290,689
3993,689
3370,690
6326,690
7667,691
8311,691
6921,692
10397,692
22,693
7240,693
9443,694
9444,694
4965,695
14322,695
4566,696
5589,696
3757,697
11297,697
11157,698
13514,698
3690,699
7979,699
2478,700
12635,700
5882,701
5775,701
9109,702
12195,702
11995,703
11996,703
8111,704
13475,704
6781,705
10685,705
3608,706
5499,706
1908,707
3098,707
3279,708
5766,708
3939,709
5781,709
308,710
624,710
21,711
7239,711
6646,712
11500,712
1744,713
4064,713
3322,714
5619,714
4061,715
9238,715
4162,716
9238,716
4542,717
9330,717
4541,718
9330,718
8245,719
12609,719
9237,720
12610,720
110,721
6340,721
3704,722
6909,722
5836,723
5163,723
1986,724
12885,724
6675,725
14554,725
12995,725
738,726
7854,726
966,727
7164,727
5239,728
5052,728
3517,729
7631,729
160,730
575,730
7225,731
6289,731
7369,732
11110,732
4058,733
7504,733
5104,734
5617,734
6327,735
5437,735
313,736
6646,736
1985,737
11878,737
1821,738
1822,738
12072,739
12431,739
3444,740
5411,740
9932,741
7783,741
5292,742
7327,742
4244,743
7417,743
4456,744
7751,744
3916,745
4341,745
7242,746
13120,746
6922,747
11111,747
56,748
57,748
2799,749
2363,749
12560,750
12913,750
2058,751
2358,751
9472,752
9697,752
2329,753
12887,753
1715,754
12068,754
3516,755
4970,755
167,756
4794,756
1082,757
976,757
169,758
11519,758
1760,759
11746,759
378,760
4247,760
583,761
5267,761
4345,762
7382,762
2753,763
12347,763
2753,764
10555,764
4946,765
9325,765
3481,766
10134,766
6672,767
7912,767
659,768
3869,768
14085,769
14088,769
2484,770
10953,770
4176,771
11253,771
11451,772
11452,772
3760,773
10625,773
5233,774
10845,774
2415,775
5155,775
5692,776
7769,776
7406,776
8475,776
8476,776
6290,777
5229,777
7400,778
7677,778
12519,779
11501,779
7526,780
7365,780
3943,781
7580,781
5974,782
11858,782
2134,783
12897,783
1907,784
1929,784
3459,785
6936,785
6031,786
12529,786
7503,787
14158,787
4587,788
7893,788
105,789
4945,789
3841,790
4171,790
498,791
3682,791
6578,791
11232,792
10345,792
641,793
10718,793
5543,794
13120,794
7177,795
6972,795
10682,796
10551,796
4168,797
4169,797
5634,798
5266,798
4089,799
8004,799
765,800
1166,800
7408,801
12858,801
4179,802
4180,802
4180,803
4181,803
8973,804
10869,804
3675,805
3445,805
102,806
2304,806
86,807
6826,807
2135,808
11833,808
3048,809
6470,809
2557,810
11829,810
3812,811
7918,811
4176,812
11254,812
406,813
4077,813
1713,814
2355,814
7917,815
13013,815
5637,816
8127,816
14084,817
14086,817
266,818
2639,818
7167,819
11105,819
2700,820
12801,820
3809,821
6146,821
3490,822
10658,822
12572,823
13848,823
1051,824
4973,824
711,825
3740,825
3730,826
4484,826
6018,826
7407,826
144,827
3643,827
9328,828
11879,828
8124,829
11506,829
7533,830
10868,830
2235,831
12561,831
5949,832
12233,832
338,833
3290,833
336,834
7675,834
60,835
11231,835
5765,836
11109,836
55,837
2468,837
6906,838
12783,838
3461,839
11694,839
4757,840
3721,840
973,841
5469,841
8550,842
8551,842
5694,843
7336,843
103,844
7724,844
498,845
3682,845
6578,845
11210,846
12797,846
582,847
10399,847
3227,848
8342,848
1523,849
9218,849
4827,850
7374,850
14795,851
14808,851
9203,852
14792,852
5472,853
5480,853
13960,854
13962,854
4444,855
10867,855
8003,856
12222,856
13732,857
13962,857
2066,858
2067,858
6890,859
5330,859
5050,860
5265,860
8473,861
10683,861
1551,862
9663,862
8123,863
8514,863
113,864
1567,864
7166,864
2752,865
8477,865
12774,866
14056,866
4248,867
6437,867
7031,868
5471,868
5481,869
5485,869
3935,870
4617,870
9333,871
9335,871
972,872
7033,872
4580,873
7186,873
4631,874
4633,874
9203,875
14793,875
11099,876
13016,876
2422,877
8899,877
3148,878
3150,878
13959,879
14349,879
9333,880
9334,880
3145,881
3146,881
1898,882
12748,882
7032,883
5479,883
14056,884
14154,884
9217,885
9218,885
9216,886
9217,886
14796,887
14808,887
1524,888
14797,888
2272,889
12660,889
3227,890
12316,890
3150,891
13131,891
3147,892
3148,892
5478,893
14796,893
14793,894
14794,894
13963,895
14349,895
6939,896
5470,896
5484,897
5485,897
13131,898
13034,898
12959,899
12960,899
14046,900
14047,900
14494,901
12960,901
13037,902
13038,902
12744,903
14161,903
4073,904
5234,904
2265,905
9250,905
13931,906
13932,906
13562,907
13294,907
14835,908
14836,908
278,909
14465,909
7537,910
5747,910
3329,911
5066,911
3281,912
7320,912
3969,913
5907,913
12730,914
12679,914
9668,915
9102,915
165,916
171,916
13427,917
13514,917
5186,919
10652,919
14827,920
14839,920
14830,921
14831,921
940,922
1097,922
3104,923
11798,923
1238,924
1606,924
939,925
940,925
939,926
1103,926
1090,927
1103,927
1090,928
1093,928
1093,929
1094,929
2835,930
11365,930
7006,931
5879,931
3144,932
12920,932
6952,933
6373,933
11315,934
12327,934
1114,935
5890,935
2757,936
5060,936
5731,937
11484,937
5057,938
9843,938
1830,939
2026,939
12585,940
14387,940
9336,941
14840,941
11476,942
11477,942
12614,943
12615,943
356,944
5519,944
683,945
6399,945
251,946
13240,946
5738,947
12503,947
2151,948
12528,948
11799,949
12918,949
3542,950
6312,950
1619,951
11889,951
4293,952
4641,952
1817,953
1746,953
797,954
11749,954
14365,955
14366,955
289,956
3165,956
3278,956
9483,956
1613,957
2664,957
11316,958
12449,958
14245,958
14329,958
14330,958
14331,958
1834,959
12671,959
12146,960
11852,960
13941,961
13942,961
8839,962
12336,962
1600,963
1601,963
1239,964
1240,964
1238,965
1239,965
1603,966
1604,966
1604,967
1605,967
1599,968
1600,968
1602,969
1603,969
1605,970
1606,970
1094,971
1095,971
1095,972
1096,972
1092,973
1096,973
13850,974
13851,974
13849,975
13851,975
13972,976
13973,976
13849,977
13973,977
1599,978
8467,978
1601,979
1602,979
324,980
7598,1469
14536,1469
14538,1469
8343,1470
12658,1470
4673,1471
6974,1471
7224,1472
5388,1472
4353,1473
5565,1473
440,1474
7082,1474
1825,1475
8734,1475
1835,1476
12341,1476
18,1477
3455,1477
1867,1478
8112,1478
5068,1479
5145,1479
13933,1480
13934,1480
348,1481
4797,1481
2543,1482
12036,1482
6432,1483
11476,1483
3019,1484
3020,1484
12500,1485
14443,1485
1146,1486
8528,1486
33,1487
4095,1487
1133,1488
1134,1488
8285,1489
8637,1489
7029,1490
13495,1490
5449,1491
4960,1491
4054,1492
5137,1492
49,1493
682,1493
3038,1494
11975,1494
3527,1495
2633,1495
4349,1496
6616,1496
5132,1497
7107,1497
2892,1498
6651,1498
2446,1499
2894,1499
8071,1500
7338,1500
1269,1501
3656,1501
14186,1502
14190,1502
4254,1503
5727,1503
14578,1504
14582,1504
1756,1505
4237,1505
3044,1506
12349,1506
374,1507
10297,1507
734,1508
4212,1508
151,1509
5067,1509
4672,1510
13539,1510
165,1511
181,1511
4174,1512
14558,1512
1901,1513
3017,1513
6721,1514
5782,1514
6944,1515
6287,1515
3449,1516
6220,1516
6691,1517
5872,1517
6690,1518
5227,1518
9572,1519
10691,1519
5079,1520
7272,1520
5900,1521
7520,1521
112,1522
9224,1522
3891,1523
7564,1523
3924,1524
6962,1524
6214,1525
7546,1525
5932,1526
12795,1526
980,1527
3438,1527
3314,1528
4073,1528
10165,1529
11679,1529
9119,1530
11885,1530
31,1531
32,1531
2476,1532
12631,1532
12952,1533
12958,1533
9234,1534
12353,1534
218,1535
219,1535
14361,1536
13716,1536
4689,1537
5859,1537
4690,1538
3446,1538
188,1539
200,1539
11283,1540
11135,1540
4329,1541
4479,1541
6615,1542
5732,1542
683,1543
7220,1543
5402,1544
8100,1544
330,1545
347,1545
2906,1546
2698,1546
5673,1547
10631,1547
14573,1548
14577,1548
6434,1549
8113,1549
3329,1550
5933,1550
1739,1551
9493,1551
2327,1552
13890,1552
2555,1553
2357,1553
5452,1553
5453,1553
5214,1554
8444,1554
6835,1555
13179,1555
13617,1556
13883,1556
5489,1557
10982,1557
6680,1558
5725,1558
5161,1559
14638,1559
3807,1560
8318,1560
3647,1561
6679,1561
13914,1562
13298,1562
2302,1563
5893,1563
2295,1564
3014,1564
5961,1565
6225,1565
4544,1566
7635,1566
608,1567
8155,1567
280,1568
6246,1568
280,1569
8836,1569
7560,1570
12143,1570
14824,1571
14825,1571
528,1572
3816,1572
1682,1573
6076,1573
1085,1574
8672,1574
1053,1575
10141,1575
10870,1576
12773,1576
13809,1577
13810,1577
9665,1578
10557,1578
5622,1579
7901,1579
1832,1580
1833,1580
4201,1581
6245,1581
5876,1582
5877,1582
3855,1583
11119,1583
5773,1584
5774,1584
8338,1585
8339,1585
12006,1586
12080,1586
14493,1587
12961,1587
3197,1588
11955,1588
11956,1588
14879,1588
14880,1588
6075,1589
7890,1589
14148,1590
14150,1590
12764,1591
14832,1591
201,1103
673,1103
14200,1104
14691,1104
6107,1105
14307,1105
11048,1106
11779,1106
2072,1107
2121,1107
13267,1107
13269,1107
12056,1108
12745,1108
4977,1109
6959,1109
995,1110
6908,1110
2991,1111
8633,1111
3331,1112
6701,1112
283,1113
6905,1113
6516,1114
6573,1114
380,1115
3287,1115
3735,1116
7767,1116
8125,1117
7980,1117
576,1118
11219,1118
7255,1119
11487,1119
5045,1120
14702,1120
8696,1121
14323,1121
7253,1122
9799,1122
12533,1123
11973,1123
6577,1124
11618,1124
1118,1125
3003,1125
2364,1125
6966,1125
13670,1125
618,1126
6748,1126
6249,1127
11150,1127
1934,1128
11646,1128
6323,1129
8837,1129
7567,1130
11108,1130
5762,1131
11693,1131
2153,1132
11967,1132
6521,1133
6574,1133
6246,1134
12323,1134
4127,1135
7563,1135
4703,1136
4937,1136
6519,1137
10170,1137
5275,1138
7378,1138
3080,1139
10394,1139
7948,1140
12566,1140
7948,1141
12485,1141
7949,1142
9811,1142
599,1143
4686,1143
130,1144
131,1144
2233,1145
12966,1145
226,1146
227,1146
2027,1147
12187,1147
1111,1148
14612,1148
438,1149
7809,1149
437,1150
4052,1150
5270,1151
10227,1151
672,1152
5138,1152
5142,1153
7709,1153
8872,1154
9802,1154
9110,1155
10394,1155
619,1156
5955,1156
206,1157
6008,1157
3514,1158
7376,1158
172,1159
2982,1159
14570,1160
14572,1160
6178,1161
12003,1161
7192,1162
11373,1162
4593,1163
14779,1163
14467,1164
13018,1164
5164,1165
5789,1165
1816,1166
1989,1166
14815,1167
14816,1167
1928,1168
2289,1168
568,1169
7404,1169
2475,1170
12825,1170
12719,1171
13965,1171
1402,1172
4359,1172
3330,1173
7904,1173
4203,1174
12152,1174
12155,1175
12059,1175
10773,1176
10709,1176
732,1177
5967,1177
13293,1178
13343,1178
1754,1179
13886,1179
5953,1180
14698,1180
12086,1181
12150,1181
5081,1182
7523,1182
4783,1183
5820,1183
4558,1184
10174,1184
3333,1185
5971,1185
3975,1186
11770,1186
275,1187
6915,1187
8629,1188
10558,1188
2778,1189
12434,1189
10,1190
7951,1190
14584,1191
14589,1191
3539,1192
11359,1192
5965,1193
11358,1193
10978,1193
7190,1194
7983,1194
5653,1195
11546,1195
4681,1196
8101,1196
5393,1197
7807,1197
5963,1198
8639,1198
7271,1199
11292,1199
3605,1200
7441,1200
3954,1201
11893,1201
3954,1202
11894,1202
7181,1203
7191,1203
3952,1204
11372,1204
3951,1205
11545,1205
3533,1206
9003,1206
9004,1206
7182,1207
9513,1207
12565,1208
12747,1208
8584,1209
10840,1209
10881,1209
1804,1210
12440,1210
4446,1211
6711,1211
1563,1212
2239,1212
386,1213
3783,1213
1826,1214
12919,1214
2395,1215
12200,1215
1811,1216
13424,1216
4571,1217
7443,1217
124,1218
495,1218
14018,1219
14031,1219
1654,1220
8450,1220
2884,1221
3011,1221
6959,1222
13833,1222
1909,1223
2092,1223
8137,1224
12461,1224
2090,1225
12725,1225
8627,1226
8549,1226
7981,1227
10834,1227
5367,1228
5648,1228
8554,1229
11002,1229
11003,1230
11354,1230
4596,1231
5367,1231
8559,1232
8560,1232
3599,1233
6536,1233
14849,1234
14850,1234
14846,1235
14847,1235
14844,1236
14845,1236
14842,1237
14843,1237
3475,1238
3326,1238
3596,1239
3599,1239
1953,1240
5941,1240
3045,1241
7325,1241
153,1242
3472,1242
67,1243
10663,1243
5935,1244
5128,1244
6283,1245
8470,1245
4642,1246
10617,1246
6054,1247
11702,1247
5299,1248
7698,1248
3914,1249
4039,1249
13915,1250
13298,1250
14227,1251
14296,1251
3204,1252
3205,1252
2461,1253
12804,1253
1708,1254
2053,1254
4822,1255
3319,1255
7073,1256
10620,1256
2751,1257
9068,1257
3708,1258
13111,1258
5351,1259
14449,1259
4509,1260
3733,1260
4754,1261
5326,1261
656,1262
5148,1262
1080,1263
11559,1263
4039,1264
5262,1264
8770,1265
10239,1265
5942,1266
7999,1266
4147,1267
7885,1267
3324,1268
13148,1268
4183,1269
7531,1269
111,1270
3324,1270
5154,1271
7990,1271
96,1272
10712,1272
8002,1273
12928,1273
7777,1274
11391,1274
3761,1275
6188,1275
5631,1276
5259,1276
3608,1277
4331,1277
734,1278
11477,1278
3595,1279
3601,1279
5361,1280
5263,1280
2751,1281
6162,1281
651,1282
11122,1282
5847,1283
5524,1283
500,1284
7991,1284
3762,1285
8001,1285
3477,1286
6582,1286
3764,1287
6136,1287
6917,1288
7281,1288
4084,1289
6374,1289
4592,1290
6787,1290
5670,1291
5176,1291
4677,1292
5998,1292
6610,1293
7806,1293
4728,1294
9295,1294
9298,1295
9341,1295
3409,1296
9298,1296
4729,1297
9340,1297
4730,1298
9296,1298
4728,1299
9294,1299
7475,1300
7711,1300
3660,1301
7982,1301
2732,1302
7129,1302
9840,1303
9841,1303
5994,1304
12053,1304
284,1305
1247,1305
14434,1305
5587,1306
5439,1306
4559,1307
4475,1307
6128,1308
10395,1308
5094,1309
9239,1309
968,1310
6941,1310
8115,1311
14784,1311
6137,1312
10712,1312
1707,1313
11794,1313
13686,1313
11776,1314
13568,1314
8470,1315
12351,1315
8132,1316
11959,1316
2673,1317
12727,1317
6253,1318
12214,1318
12764,1319
14833,1319
3268,1320
12474,1320
12382,1320
12383,1320
14878,1320
3881,1321
11461,1321
6285,1322
12977,1322
5880,1323
13495,1323
2237,1324
12062,1324
11493,1325
11166,1325
2057,1326
2776,1326
12455,1327
12460,1327
1616,1328
2063,1328
1680,1329
2332,1329
11990,1330
12326,1330
1693,1331
12562,1331
2016,1332
3099,1332
3842,1333
11854,1334
13152,1334
5503,1335
5904,1335
3644,1336
7985,1336
2548,1337
3644,1337
6733,1338
6763,1338
6967,1339
6763,1339
3926,1340
3726,1340
5659,1340
11496,1340
4546,1341
11482,1341
3053,1342
8634,1342
14358,1343
14344,1343
4971,1344
5573,1344
6808,1345
11392,1345
5597,1346
14302,1346
14528,1347
14530,1347
4556,1348
10880,1348
6273,1349
11074,1349
6968,1350
7515,1350
621,1351
7986,1351
6315,1352
8636,1352
4004,1353
6538,1353
247,1354
1006,1354
2485,1355
4107,1355
5452,1356
8005,1356
8740,1357
11840,1357
7818,1358
7358,1358
8223,1359
11447,1359
3546,1360
12938,1360
10996,1361
10999,1361
6964,1362
7597,1362
6913,1363
11156,1363
4748,1364
11156,1364
6756,1365
5457,1365
11499,1366
14308,1366
2136,1367
9614,1368
10873,1368
3332,1369
6581,1369
5668,1370
12821,1370
3406,1371
3201,1371
6703,1372
5338,1372
4172,1373
10721,1373
2907,1374
2908,1374
1935,1375
2245,1375
4286,1376
10366,1376
6838,1377
11395,1377
507,1378
5356,1378
2450,1379
12366,1379
3524,1380
11523,1380
2632,1381
9804,1381
9475,1382
13715,1382
6105,1383
6106,1383
3256,1384
8112,1384
3546,1385
6912,1385
14492,1386
12949,1386
2674,1387
12830,1387
3831,1388
5023,1388
127,1389
3852,1389
1005,1390
14030,1390
3922,1391
7511,1391
956,1392
13889,1392
3262,1393
12945,1393
13620,1394
13030,1394
8,1395
4702,1395
1766,1396
9800,1396
12454,1397
12458,1397
511,1398
7055,1398
14625,1399
14627,1399
5135,1400
11584,1400
10994,1401
10951,1401
333,1402
6576,1402
4638,1403
11855,1403
4751,1404
4726,1404
5129,1404
2669,1405
12731,1405
4059,1406
12006,1406
8158,1407
10647,1407
4983,1408
4984,1408
3246,1409
11296,1409
4749,1410
5143,1410
2688,1411
12686,1411
5109,1412
6746,1412
6964,1413
13007,1413
612,1414
7561,1414
3483,1415
2413,1415
5655,1416
5744,1416
7506,1416
2391,1417
8148,1417
4673,1418
10666,1418
210,1419
4573,1419
3045,1420
6098,1420
1935,1421
12635,1421
14490,1422
12956,1422
879,1423
3264,1423
5553,1424
11846,1424
4053,1425
6403,1425
2028,1426
14359,1426
4816,1427
11778,1427
10162,1428
11283,1428
2458,1429
12991,1429
7,1430
609,1430
5112,1431
6874,1431
6520,1432
8669,1432
326,1433
6573,1433
46,1434
2188,1434
3037,1435
2901,1435
589,1436
4384,1436
4051,1437
5730,1437
680,1438
5460,1438
513,1439
5385,1439
12890,1440
12904,1440
13771,1441
13741,1441
5495,1442
10029,1442
3531,1443
6322,1443
2834,1444
12433,1444
5357,1445
6003,1445
10404,1445
11366,1445
2861,1446
2833,1446
9151,1446
677,1447
5822,1447
115,1448
418,1448
1055,1449
10366,1449
13180,1450
13535,1450
4778,1451
14730,1451
4579,1452
5652,1452
4885,1453
11322,1453
6222,1454
6749,1454
4363,1455
14262,1455
3448,1456
5237,1456
6190,1457
6276,1457
11968,1458
13185,1458
5115,1459
5116,1459
5080,1460
11052,1460
731,1461
9962,1461
5945,1462
10842,1462
14820,1463
14821,1463
3726,1464
6718,1464
3071,1465
13110,1465
5111,1466
11296,1466
607,1467
8669,1467
1276,1468
4704,1468
14384,1836
13806,1836
14243,1837
14871,1837
6274,1838
5219,1838
13154,1839
14164,1839
2199,1840
8563,1840
13477,1841
13486,1841
7690,1842
7602,1842
5950,1843
6152,1843
13693,1844
13697,1844
7808,1845
14040,1845
13937,1845
13593,1845
12392,1846
12393,1846
9250,1847
12841,1847
13765,1848
13517,1848
1585,1849
8347,1849
9850,1849
2024,1850
2673,1850
9911,1851
9912,1851
2017,1852
3100,1852
790,1853
4883,1853
5511,1854
12134,1854
1694,1855
11800,1855
13728,1856
13714,1856
6687,1857
5749,1857
7006,1858
5878,1858
11795,1859
11877,1859
11964,1860
12713,1860
7300,1861
11561,1861
9726,1862
13105,1862
14868,1862
3309,1863
5264,1863
14053,1864
14054,1864
5057,1865
14162,1865
13361,1866
13694,1866
3758,1867
6097,1867
3919,1868
6714,1868
4858,1869
13154,1869
14831,1870
14832,1870
10155,1871
10156,1871
12266,1872
13927,1872
4812,1873
5777,1873
2029,1874
9808,1874
11932,1875
12347,1875
2924,1876
11743,1876
3055,1877
3056,1877
5378,1878
6058,1878
5903,1879
5912,1879
11910,1880
12342,1880
2242,1881
12824,1881
10402,1882
11096,1882
4845,1883
2572,1883
2840,1884
2842,1884
2844,1884
1359,1885
1869,1885
5828,1886
12633,1886
14150,1887
14152,1887
12301,1888
12809,1888
4641,1889
6294,1889
13805,1890
13905,1890
13690,1891
13695,1891
1991,1892
13146,1892
2137,1893
3069,1893
2203,1894
10157,1894
6521,1895
7314,1895
13937,1896
13946,1896
13811,1897
14042,1897
3208,1898
13142,1898
11089,1899
11093,1899
2205,1900
2631,1900
13005,1901
13590,1901
13935,1902
13936,1902
1481,1903
1915,1903
7129,1903
728,1904
11138,1904
4930,1905
14575,1906
14576,1906
4042,1907
7541,1907
5215,1908
13819,1908
5115,1909
5872,1909
5927,1910
6057,1910
5821,1911
12136,1911
14836,1912
14837,1912
13938,1913
13940,1913
993,1914
5779,1914
10261,1915
13505,1915
233,1916
7258,1916
8312,1917
10708,1917
1987,1918
1988,1918
13686,1919
13696,1919
13699,1919
12765,1920
14838,1920
237,1921
1454,1921
3547,1922
14446,1922
4831,1923
4349,1923
1831,1924
2264,1924
14617,1925
14619,1925
1748,1926
1749,1926
6965,1927
11678,1927
1277,1928
1576,1928
3832,1929
3835,1929
12305,1930
12386,1930
3289,1931
5499,1931
365,1932
3855,1932
11382,1933
14336,1933
1276,1934
12035,1934
7538,1935
13579,1935
13378,1936
13511,1936
1275,1937
11866,1937
13688,1938
13692,1938
14364,1939
14365,1939
33,1940
5026,1940
2632,1941
12364,1941
12288,1942
12290,1942
4856,1943
10265,1943
3788,1944
3789,1944
3790,1944
5204,1944
6618,1945
6620,1945
3856,1946
7152,1946
12866,1947
12838,1947
6686,1948
4880,1948
997,1949
5873,1949
13515,1950
13530,1950
239,1951
1075,1951
7152,1952
11119,1952
11782,1953
11886,1953
988,1954
5883,1954
984,1955
5774,1955
6296,1956
7469,1956
125,1957
14160,1957
13027,1958
13028,1958
6133,1592
9992,1592
998,1593
7029,1593
11479,1594
11483,1594
12149,1595
12150,1595
335,1596
5118,1596
125,1597
11471,1597
6619,1598
12107,1598
5015,1599
10714,1599
14471,1600
13050,1600
529,1601
14147,1601
6891,1602
5330,1602
91,1603
3722,1603
985,1604
5881,1604
12462,1605
12463,1605
9211,1606
7628,1606
6179,1607
6180,1607
5225,1608
14640,1608
823,1609
1116,1609
3928,1610
5865,1610
9837,1611
9838,1611
275,1612
1940,1612
3927,1613
7564,1613
12121,1614
11786,1614
7378,1615
8106,1615
7715,1616
10368,1616
1278,1617
8417,1617
12329,1618
14241,1618
171,1619
182,1619
3051,1620
3235,1620
6177,1621
5337,1621
2471,1622
11803,1622
8380,1623
9839,1623
9441,1623
13633,1623
13691,1624
13700,1624
14806,1625
14867,1625
967,1626
9247,1626
9209,1627
12941,1627
8828,1628
8829,1628
856,1629
4512,1629
629,1630
7894,1630
1987,1631
2018,1631
12320,1632
12384,1632
5322,1633
11117,1633
6542,1634
10952,1634
11480,1635
11484,1635
2245,1636
12836,1636
9008,1637
8528,1637
6434,1638
5259,1638
3854,1639
3306,1639
2991,1640
5657,1640
12246,1641
14798,1641
644,1642
3765,1642
6819,1643
6843,1643
4146,1644
10197,1644
2924,1645
12437,1645
6742,1646
5858,1646
14465,1647
13134,1647
11493,1648
11530,1648
13691,1649
13701,1649
14828,1650
14829,1650
11403,1651
14881,1651
1655,1652
12527,1652
3519,1653
7404,1653
6697,1654
7681,1654
7895,1654
8345,1655
12270,1655
221,1656
5276,1656
12542,1657
10563,1657
4191,1658
4953,1658
4570,1659
5785,1659
7195,1660
7222,1660
10038,1661
14616,1661
14882,1661
11218,1662
12187,1662
3076,1663
10406,1663
3529,1664
4159,1664
2514,1665
3658,1665
789,1666
9069,1666
591,1667
4301,1667
590,1668
3078,1668
4683,1669
6321,1669
194,1670
5136,1670
41,1671
193,1671
120,1672
6609,1672
5053,1673
9366,1673
2452,1674
12806,1674
14186,1675
14188,1675
7252,1676
6882,1676
13633,1677
13980,1677
2325,1678
2354,1678
14618,1679
14620,1679
6840,1680
10997,1680
2416,1681
5725,1681
4232,1682
8067,1682
853,1683
1058,1683
13321,1684
14312,1684
1143,1685
2918,1685
9803,1685
8695,1686
7794,1686
2271,1687
11248,1687
2274,1688
2275,1688
2983,1689
5556,1689
4769,1690
5432,1690
2180,1691
9242,1691
6622,1692
6623,1692
8700,1693
8708,1693
4451,1694
5523,1694
4903,1695
11366,1695
8380,1696
11748,1696
3252,1697
11748,1697
1753,1698
9245,1698
5149,1699
7781,1699
5683,1700
10033,1700
7717,1701
7635,1701
4254,1702
5562,1702
4269,1703
5049,1703
2455,1704
3596,1704
3600,1704
2455,1705
3596,1705
3600,1705
1738,1706
3681,1706
13698,1706
3955,1707
5841,1707
6445,1707
4330,1708
4071,1708
8313,1709
12637,1709
5271,1710
5272,1710
4096,1711
5559,1711
5935,1712
10715,1712
5599,1713
6418,1713
572,1714
7911,1714
6752,1715
5444,1715
3282,1716
7251,1716
12322,1717
13121,1717
6427,1718
8972,1718
4483,1719
6139,1719
1897,1720
13107,1720
6338,1721
6144,1721
4090,1722
4091,1722
14302,1723
14303,1723
737,1724
6813,1724
156,1725
5643,1725
6670,1726
7047,1726
7742,1727
11560,1727
121,1728
126,1728
5937,1729
7154,1729
3535,1730
11000,1730
8032,1731
12927,1731
10623,1732
10624,1732
12895,1733
13350,1733
2267,1734
2460,1734
737,1735
5526,1735
13533,1736
13541,1736
14201,1737
12979,1737
3504,1738
6442,1738
3650,1739
11085,1739
8314,1740
14161,1740
500,1741
6676,1741
577,1742
3493,1742
5699,1743
5640,1743
3712,1744
5646,1744
145,1745
8033,1745
6671,1746
7418,1746
7750,1747
12229,1747
4210,1748
6131,1748
3489,1749
4320,1749
3667,1750
8713,1750
7678,1751
7975,1751
5481,1752
14792,1752
1070,1753
1071,1753
4785,1754
3534,1754
7179,1755
8560,1755
8561,1755
9836,1755
13231,1755
3597,1756
8557,1756
10990,1756
4454,1757
6442,1757
6495,1758
6494,1758
4951,1759
10401,1759
14292,1760
14291,1760
4449,1761
8312,1761
3210,1762
9324,1762
4948,1763
14304,1763
3046,1764
12051,1764
3713,1765
6706,1765
6231,1766
9219,1766
863,1767
3915,1767
4939,1768
4949,1768
951,1769
5598,1769
7254,1770
7701,1770
708,1771
10618,1771
154,1772
3724,1772
1431,1773
3372,1773
5153,1774
11046,1774
295,1775
475,1775
6496,1776
7774,1776
6014,1777
12245,1777
10308,1777
1979,1778
2243,1778
1895,1779
12881,1779
485,1780
7998,1780
4745,1781
3696,1781
6186,1782
6011,1782
4102,1783
9692,1783
3521,1784
7993,1784
6228,1785
6333,1785
11486,1786
11019,1786
11020,1786
11931,1786
2093,1787
6332,1787
497,1788
7532,1788
111,1789
6468,1789
7527,1790
8314,1790
4335,1791
4336,1791
79,1792
3641,1792
1137,1793
1138,1793
12964,1794
12721,1794
9629,1795
9630,1795
4544,1796
7174,1796
1168,1797
9479,1797
2474,1798
12123,1798
4936,1799
7511,1799
4127,1800
4704,1800
534,1801
3923,1801
617,1802
2546,1802
325,1803
9219,1803
11946,1804
11874,1804
8584,1805
10840,1805
10881,1805
11076,1806
11161,1806
232,1807
11356,1807
3260,1808
3933,1808
14232,1809
14159,1809
1159,1810
1162,1810
3966,1811
6111,1811
1361,1812
8417,1812
5810,1813
7987,1813
6975,1814
12325,1814
9811,1815
12485,1815
4792,1816
12190,1816
690,1817
6543,1817
3264,1818
3662,1818
12962,1819
14017,1819
5595,1820
7959,1820
73,1821
650,1821
3325,1822
7329,1822
6015,1823
11130,1823
14827,1824
14828,1824
13031,1825
13032,1825
5875,1826
5876,1826
996,1827
5773,1827
3791,1828
14110,1828
1421,1829
12536,1830
12602,1830
1134,1831
8231,1831
4066,1832
4095,1832
4848,1833
12000,1833
12004,1833
13812,1833
14867,1833
4986,1834
12504,1834
6821,1835
9367,1835
14192,1959
12720,1959
815,1960
5310,1960
1586,1961
3236,1961
13575,1962
13576,1962
12248,1963
12249,1963
6134,1964
11487,1964
9689,1965
7361,1965
14834,1966
14835,1966
4347,1967
8519,1967
63,1968
9109,1968
249,1969
14111,1969
4698,1970
5392,1970
14822,1971
14823,1971
12776,1972
14241,1972
11993,1973
14856,1973
7243,1974
7244,1974
8643,1975
11285,1975
12096,1976
11320,1976
5321,1977
7856,1977
14829,1978
14830,1978
612,1979
12504,1979
3102,1980
8255,1980
14018,1981
13667,1981
13007,1982
13009,1982
13116,1983
13119,1983
1648,1984
9331,1984
645,1985
3331,1985
3468,1986
8968,1986
2668,1987
12730,1987
5215,1988
5960,1988
2781,1989
3106,1989
12098,1990
13579,1990
7537,1991
10264,1991
317,1992
7602,1992
1585,1993
11904,1993
1834,1994
12670,1994
3848,1995
9104,1995
5098,1996
6892,1996
9609,1996
3160,1997
4935,1997
12418,1998
12423,1998
14734,1999
5384,2000
5403,2000
1271,2001
5109,2001
3463,2002
11390,2002
13123,2003
13591,2003
6949,2004
7692,2004
5874,2005
5877,2005
11742,2006
14383,2006
14147,2007
14148,2007
12550,2008
11803,2008
2128,2009
2266,2009
2757,2010
10167,2010
998,2011
4791,2011
1864,2012
9300,2012
11489,2013
14800,2013
3453,2014
5255,2014
3802,2015
11460,2015
7548,2016
10713,2016
1126,2017
8383,2017
9717,2018
12542,2018
12548,2018
2641,2019
13706,2019
11916,2020
14151,2020
12151,2021
12153,2021
12101,2022
12595,2022
6229,2023
11120,2023
12973,2024
13221,2024
9336,2025
10159,2025
8835,2026
8346,2026
11977,2027
12663,2027
2756,2028
11586,2028
319,2029
4877,2029
1148,2030
1163,2030
4588,2031
6643,2031
1621,2032
12255,2032
2152,2033
12494,2033
6266,2034
6935,2034
12392,2035
13135,2035
166,2036
11594,2036
2185,2037
10553,2037
5911,2038
14603,2038
6421,2039
13327,2039
6683,2040
9927,2040
9005,2040
10688,2040
11160,2041
14609,2041
287,2042
8838,2042
3549,2043
4238,2043
6969,2044
11616,2044
331,2045
3719,2045
14368,2046
13717,2046
7261,2047
3471,2048
4519,2048
4854,2049
11075,2049
10226,2049
6765,2050
11162,2050
11448,2050
14575,2051
14590,2051
14591,2051
14615,2051
3323,2052
7993,2052
5152,2053
8004,2053
5181,2054
13135,2054
4463,2055
5408,2055
1936,2056
11824,2056
4618,2057
3459,2057
8323,2058
11634,2058
9835,2059
14180,2059
7769,2060
7406,2060
8475,2060
7919,2060
7409,2061
7886,2061
159,2062
12225,2062
12858,2063
12860,2063
14050,2064
13352,2064
9210,2065
9212,2065
9215,2066
9216,2066
12249,2067
12250,2067
14051,2068
14058,2068
12106,2069
14247,2069
12104,2070
14247,2070
1711,2071
12356,2071
3516,2072
11386,2072
2241,2073
2800,2073
2154,2074
2119,2074
2240,2075
8256,2075
5369,2076
6739,2076
14557,2077
14532,2077
14536,2078
14539,2078
211,2079
236,2079
3,2080
353,2080
1130,2081
1132,2081
1132,2082
8233,2082
1131,2083
1135,2083
4848,2084
12000,2084
12004,2084
13812,2084
14867,2084
1131,2085
8232,2085
6115,2086
5806,2086
5805,2087
5806,2087
2202,2088
7897,2088
3373,2089
6552,2089
3891,2090
4882,2090
586,2091
7112,2091
6468,2092
11507,2092
3692,2093
7363,2093
3706,2094
7250,2094
2542,2095
6473,2095
5697,2096
8145,2096
11828,2097
12057,2097
736,2098
7156,2098
4554,2099
7401,2099
5667,2100
9668,2100
2353,2101
12056,2101
4084,2102
7552,2102
1723,2103
6541,2103
5829,2105
5831,2105
12395,2106
11396,2106
14637,2107
14638,2107
14779,2108
14649,2108
14780,2109
14649,2109
14648,2110
14650,2110
14781,2111
14646,2111
14782,2112
14643,2112
14783,2113
14640,2113
14696,2114
14785,2114
14693,2115
14786,2115
14738,2116
14741,2116
